year;country_a;country_b;pair;trade;gdp_a;gdp_b;distance
2010;Morocco;Egypt;MAR-EGY;1,8;1,01E+11;2,19E+11;3511,84
2010;Morocco;Spain;MAR-SPA;8,2;1,01E+11;1,43E+12;907,5
2010;Morocco;France;MAR-FRA;9;1,01E+11;2,65E+12;1701,16
2010;Morocco;China;MAR-CHI;2,5;1,01E+11;6,19E+12;9656,99
2010;Morocco;Saudi_arabia;MAR-SAU;2;1,01E+11;5,28E+11;4998,93
2011;Morocco;Egypt;MAR-EGY;2;1,10E+11;2,36E+11;3511,84
2011;Morocco;Spain;MAR-SPA;8,8;1,10E+11;1,49E+12;907,5
2011;Morocco;France;MAR-FRA;9,5;1,10E+11;2,87E+12;1701,16
2011;Morocco;China;MAR-CHI;2,9;1,10E+11;7,67E+12;9656,99
2011;Morocco;Saudi_arabia;MAR-SAU;2,2;1,10E+11;6,81E+11;4998,93
2012;Morocco;Egypt;MAR-EGY;2,3;1,07E+11;2,79E+11;3511,84
2012;Morocco;Spain;MAR-SPA;9,5;1,07E+11;1,33E+12;907,5
2012;Morocco;France;MAR-FRA;10;1,07E+11;2,68E+12;1701,16
2012;Morocco;China;MAR-CHI;3,4;1,07E+11;8,67E+12;9656,99
2012;Morocco;Saudi_arabia;MAR-SAU;2,5;1,07E+11;7,52E+11;4998,93
2013;Morocco;Egypt;MAR-EGY;2,5;1,16E+11;2,88E+11;3511,84
2013;Morocco;Spain;MAR-SPA;10,1;1,16E+11;1,36E+12;907,5
2013;Morocco;France;MAR-FRA;10,8;1,16E+11;2,82E+12;1701,16
2013;Morocco;China;MAR-CHI;4;1,16E+11;9,74E+12;9656,99
2013;Morocco;Saudi_arabia;MAR-SAU;2,8;1,16E+11;7,70E+11;4998,93
2014;Morocco;Egypt;MAR-EGY;2,8;1,19E+11;3,06E+11;3511,84
2014;Morocco;Spain;MAR-SPA;11;1,19E+11;1,38E+12;907,5
2014;Morocco;France;MAR-FRA;11,5;1,19E+11;2,86E+12;1701,16
2014;Morocco;China;MAR-CHI;4,8;1,19E+11;1,07E+13;9656,99
2014;Morocco;Saudi_arabia;MAR-SAU;3,1;1,19E+11;7,87E+11;4998,93
2015;Morocco;Egypt;MAR-EGY;3,1;1,10E+11;3,29E+11;3511,84
2015;Morocco;Spain;MAR-SPA;11,8;1,10E+11;1,21E+12;907,5
2015;Morocco;France;MAR-FRA;12,2;1,10E+11;2,44E+12;1701,16
2015;Morocco;China;MAR-CHI;5,5;1,10E+11;1,13E+13;9656,99
2015;Morocco;Saudi_arabia;MAR-SAU;3,5;1,10E+11;6,93E+11;4998,93
2016;Morocco;Egypt;MAR-EGY;3,4;1,12E+11;3,32E+11;3511,84
2016;Morocco;Spain;MAR-SPA;12,6;1,12E+11;1,24E+12;907,5
2016;Morocco;France;MAR-FRA;13;1,12E+11;2,47E+12;1701,16
2016;Morocco;China;MAR-CHI;6,3;1,12E+11;1,15E+13;9656,99
2016;Morocco;Saudi_arabia;MAR-SAU;3,9;1,12E+11;6,89E+11;4998,93
2017;Morocco;Egypt;MAR-EGY;3,7;1,19E+11;2,48E+11;3511,84
2017;Morocco;Spain;MAR-SPA;13,4;1,19E+11;1,32E+12;907,5
2017;Morocco;France;MAR-FRA;14;1,19E+11;2,59E+12;1701,16
2017;Morocco;China;MAR-CHI;7,1;1,19E+11;1,25E+13;9656,99
2017;Morocco;Saudi_arabia;MAR-SAU;4,2;1,19E+11;7,41E+11;4998,93
2018;Morocco;Egypt;MAR-EGY;4;1,27E+11;2,63E+11;3511,84
2018;Morocco;Spain;MAR-SPA;14,1;1,27E+11;1,43E+12;907,5
2018;Morocco;France;MAR-FRA;15;1,27E+11;2,78E+12;1701,16
2018;Morocco;China;MAR-CHI;8;1,27E+11;1,41E+13;9656,99
2018;Morocco;Saudi_arabia;MAR-SAU;4,6;1,27E+11;8,87E+11;4998,93
2019;Morocco;Egypt;MAR-EGY;4,3;1,29E+11;3,19E+11;3511,84
2019;Morocco;Spain;MAR-SPA;14,8;1,29E+11;1,40E+12;907,5
2019;Morocco;France;MAR-FRA;16;1,29E+11;2,72E+12;1701,16
2019;Morocco;China;MAR-CHI;8,9;1,29E+11;1,46E+13;9656,99
2019;Morocco;Saudi_arabia;MAR-SAU;5;1,29E+11;8,89E+11;4998,93
2020;Morocco;Egypt;MAR-EGY;4;1,21E+11;3,84E+11;3511,84
2020;Morocco;Spain;MAR-SPA;13,7;1,21E+11;1,29E+12;907,5
2020;Morocco;France;MAR-FRA;15;1,21E+11;2,65E+12;1701,16
2020;Morocco;China;MAR-CHI;9,4;1,21E+11;1,50E+13;9656,99
2020;Morocco;Saudi_arabia;MAR-SAU;4,8;1,21E+11;7,68E+11;4998,93
2010;Egypt;Morocco;EGY-MAR;1,8;2,19E+11;1,01E+11;3511,84
2010;Egypt;Spain;EGY-SPA;3,5;2,19E+11;1,43E+12;1514,58
2010;Egypt;France;EGY-FRA;5,2;2,19E+11;2,65E+12;3244,97
2010;Egypt;China;EGY-CHI;10;2,19E+11;6,19E+12;7038,77
2010;Egypt;Saudi_arabia;EGY-SAU;4,8;2,19E+11;5,28E+11;1514,58
2011;Egypt;Morocco;EGY-MAR;2;2,36E+11;1,10E+11;3511,84
2011;Egypt;Spain;EGY-SPA;3,8;2,36E+11;1,49E+12;1514,58
2011;Egypt;France;EGY-FRA;5,5;2,36E+11;2,87E+12;3244,97
2011;Egypt;China;EGY-CHI;11;2,36E+11;7,67E+12;7038,77
2011;Egypt;Saudi_arabia;EGY-SAU;5,2;2,36E+11;6,81E+11;1514,58
2012;Egypt;Morocco;EGY-MAR;2,3;2,79E+11;1,07E+11;3511,84
2012;Egypt;Spain;EGY-SPA;4,1;2,79E+11;1,33E+12;1514,58
2012;Egypt;France;EGY-FRA;5,9;2,79E+11;2,68E+12;3244,97
2012;Egypt;China;EGY-CHI;12;2,79E+11;8,67E+12;7038,77
2012;Egypt;Saudi_arabia;EGY-SAU;5,7;2,79E+11;7,52E+11;1514,58
2013;Egypt;Morocco;EGY-MAR;2,5;2,88E+11;1,16E+11;3511,84
2013;Egypt;Spain;EGY-SPA;4,5;2,88E+11;1,36E+12;1514,58
2013;Egypt;France;EGY-FRA;6,3;2,88E+11;2,82E+12;3244,97
2013;Egypt;China;EGY-CHI;13;2,88E+11;9,74E+12;7038,77
2013;Egypt;Saudi_arabia;EGY-SAU;6,1;2,88E+11;7,70E+11;1514,58
2014;Egypt;Morocco;EGY-MAR;2,8;3,06E+11;1,19E+11;3511,84
2014;Egypt;Spain;EGY-SPA;4,9;3,06E+11;1,38E+12;1514,58
2014;Egypt;France;EGY-FRA;6,8;3,06E+11;2,86E+12;3244,97
2014;Egypt;China;EGY-CHI;15;3,06E+11;1,07E+13;7038,77
2014;Egypt;Saudi_arabia;EGY-SAU;6,8;3,06E+11;7,87E+11;1514,58
2015;Egypt;Morocco;EGY-MAR;3,1;3,29E+11;1,10E+11;3511,84
2015;Egypt;Spain;EGY-SPA;5,3;3,29E+11;1,21E+12;1514,58
2015;Egypt;France;EGY-FRA;7,2;3,29E+11;2,44E+12;3244,97
2015;Egypt;China;EGY-CHI;17;3,29E+11;1,13E+13;7038,77
2015;Egypt;Saudi_arabia;EGY-SAU;7,5;3,29E+11;6,93E+11;1514,58
2016;Egypt;Morocco;EGY-MAR;3,4;3,32E+11;1,12E+11;3511,84
2016;Egypt;Spain;EGY-SPA;5,8;3,32E+11;1,24E+12;1514,58
2016;Egypt;France;EGY-FRA;7,7;3,32E+11;2,47E+12;3244,97
2016;Egypt;China;EGY-CHI;19;3,32E+11;1,15E+13;7038,77
2016;Egypt;Saudi_arabia;EGY-SAU;8;3,32E+11;6,89E+11;1514,58
2017;Egypt;Morocco;EGY-MAR;3,7;2,48E+11;1,19E+11;3511,84
2017;Egypt;Spain;EGY-SPA;6,2;2,48E+11;1,32E+12;1514,58
2017;Egypt;France;EGY-FRA;8,1;2,48E+11;2,59E+12;3244,97
2017;Egypt;China;EGY-CHI;22;2,48E+11;1,25E+13;7038,77
2017;Egypt;Saudi_arabia;EGY-SAU;8,7;2,48E+11;7,41E+11;1514,58
2018;Egypt;Morocco;EGY-MAR;4;2,63E+11;1,27E+11;3511,84
2018;Egypt;Spain;EGY-SPA;6,7;2,63E+11;1,43E+12;1514,58
2018;Egypt;France;EGY-FRA;8,6;2,63E+11;2,78E+12;3244,97
2018;Egypt;China;EGY-CHI;25;2,63E+11;1,41E+13;7038,77
2018;Egypt;Saudi_arabia;EGY-SAU;9,2;2,63E+11;8,87E+11;1514,58
2019;Egypt;Morocco;EGY-MAR;4,3;3,19E+11;1,29E+11;3511,84
2019;Egypt;Spain;EGY-SPA;7,1;3,19E+11;1,40E+12;1514,58
2019;Egypt;France;EGY-FRA;9;3,19E+11;2,72E+12;3244,97
2019;Egypt;China;EGY-CHI;28;3,19E+11;1,46E+13;7038,77
2019;Egypt;Saudi_arabia;EGY-SAU;9,8;3,19E+11;8,89E+11;1514,58
2020;Egypt;Morocco;EGY-MAR;4;3,84E+11;1,21E+11;3511,84
2020;Egypt;Spain;EGY-SPA;6,5;3,84E+11;1,29E+12;1514,58
2020;Egypt;France;EGY-FRA;8,4;3,84E+11;2,65E+12;3244,97
2020;Egypt;China;EGY-CHI;30;3,84E+11;1,50E+13;7038,77
2020;Egypt;Saudi_arabia;EGY-SAU;9;3,84E+11;7,68E+11;1514,58
2010;Spain;Morocco;SPA-MAR;8,2;1,43E+12;1,01E+11;907,5
2010;Spain;Egypt;SPA-EGY;3,5;1,43E+12;2,19E+11;1514,58
2010;Spain;France;SPA-FRA;58;1,43E+12;2,65E+12;826,02
2010;Spain;China;SPA-CHI;22;1,43E+12;6,19E+12;8955,44
2010;Spain;Saudi_arabia;SPA-SAU;9;1,43E+12;5,28E+11;4820,65
2011;Spain;Morocco;SPA-MAR;8,8;1,49E+12;1,10E+11;907,5
2011;Spain;Egypt;SPA-EGY;3,8;1,49E+12;2,36E+11;1514,58
2011;Spain;France;SPA-FRA;60;1,49E+12;2,87E+12;826,02
2011;Spain;China;SPA-CHI;24;1,49E+12;7,67E+12;8955,44
2011;Spain;Saudi_arabia;SPA-SAU;9,2;1,49E+12;6,81E+11;4820,65
2012;Spain;Morocco;SPA-MAR;9,5;1,33E+12;1,07E+11;907,5
2012;Spain;Egypt;SPA-EGY;4,1;1,33E+12;2,79E+11;1514,58
2012;Spain;France;SPA-FRA;61;1,33E+12;2,68E+12;826,02
2012;Spain;China;SPA-CHI;27;1,33E+12;8,67E+12;8955,44
2012;Spain;Saudi_arabia;SPA-SAU;10;1,33E+12;7,52E+11;4820,65
2013;Spain;Morocco;SPA-MAR;10,1;1,36E+12;1,16E+11;907,5
2013;Spain;Egypt;SPA-EGY;4,5;1,36E+12;2,88E+11;1514,58
2013;Spain;France;SPA-FRA;63;1,36E+12;2,82E+12;826,02
2013;Spain;China;SPA-CHI;30;1,36E+12;9,74E+12;8955,44
2013;Spain;Saudi_arabia;SPA-SAU;10,8;1,36E+12;7,70E+11;4820,65
2014;Spain;Morocco;SPA-MAR;11;1,38E+12;1,19E+11;907,5
2014;Spain;Egypt;SPA-EGY;4,9;1,38E+12;3,06E+11;1514,58
2014;Spain;France;SPA-FRA;65;1,38E+12;2,86E+12;826,02
2014;Spain;China;SPA-CHI;34;1,38E+12;1,07E+13;8955,44
2014;Spain;Saudi_arabia;SPA-SAU;11,5;1,38E+12;7,87E+11;4820,65
2015;Spain;Morocco;SPA-MAR;11,8;1,21E+12;1,10E+11;907,5
2015;Spain;Egypt;SPA-EGY;5,3;1,21E+12;3,29E+11;1514,58
2015;Spain;France;SPA-FRA;67;1,21E+12;2,44E+12;826,02
2015;Spain;China;SPA-CHI;37;1,21E+12;1,13E+13;8955,44
2015;Spain;Saudi_arabia;SPA-SAU;12,2;1,21E+12;6,93E+11;4820,65
2016;Spain;Morocco;SPA-MAR;12,6;1,24E+12;1,12E+11;907,5
2016;Spain;Egypt;SPA-EGY;5,8;1,24E+12;3,32E+11;1514,58
2016;Spain;France;SPA-FRA;69;1,24E+12;2,47E+12;826,02
2016;Spain;China;SPA-CHI;41;1,24E+12;1,15E+13;8955,44
2016;Spain;Saudi_arabia;SPA-SAU;13;1,24E+12;6,89E+11;4820,65
2017;Spain;Morocco;SPA-MAR;13,4;1,32E+12;1,19E+11;907,5
2017;Spain;Egypt;SPA-EGY;6,2;1,32E+12;2,48E+11;1514,58
2017;Spain;France;SPA-FRA;72;1,32E+12;2,59E+12;826,02
2017;Spain;China;SPA-CHI;45;1,32E+12;1,25E+13;8955,44
2017;Spain;Saudi_arabia;SPA-SAU;14;1,32E+12;7,41E+11;4820,65
2018;Spain;Morocco;SPA-MAR;14,1;1,43E+12;1,27E+11;907,5
2018;Spain;Egypt;SPA-EGY;6,7;1,43E+12;2,63E+11;1514,58
2018;Spain;France;SPA-FRA;75;1,43E+12;2,78E+12;826,02
2018;Spain;China;SPA-CHI;49;1,43E+12;1,41E+13;8955,44
2018;Spain;Saudi_arabia;SPA-SAU;15;1,43E+12;8,87E+11;4820,65
2019;Spain;Morocco;SPA-MAR;14,8;1,40E+12;1,29E+11;907,5
2019;Spain;Egypt;SPA-EGY;7,1;1,40E+12;3,19E+11;1514,58
2019;Spain;France;SPA-FRA;77;1,40E+12;2,72E+12;826,02
2019;Spain;China;SPA-CHI;53;1,40E+12;1,46E+13;8955,44
2019;Spain;Saudi_arabia;SPA-SAU;16;1,40E+12;8,89E+11;4820,65
2020;Spain;Morocco;SPA-MAR;13,7;1,29E+12;1,21E+11;907,5
2020;Spain;Egypt;SPA-EGY;6,5;1,29E+12;3,84E+11;1514,58
2020;Spain;France;SPA-FRA;70;1,29E+12;2,65E+12;826,02
2020;Spain;China;SPA-CHI;50;1,29E+12;1,50E+13;8955,44
2020;Spain;Saudi_arabia;SPA-SAU;15,2;1,29E+12;7,68E+11;4820,65
2010;France;Morocco;FRA-MAR;9;2,65E+12;1,01E+11;1701,16
2010;France;Spain;FRA-SPA;58;2,65E+12;1,43E+12;826,02
2010;France;Egypt;FRA-EGY;5,2;2,65E+12;2,19E+11;3244,97
2010;France;China;FRA-CHI;48;2,65E+12;6,19E+12;8169
2010;France;Saudi_arabia;FRA-SAU;12;2,65E+12;5,28E+11;4463,61
2011;France;Morocco;FRA-MAR;9,4;2,87E+12;1,10E+11;1701,16
2011;France;Spain;FRA-SPA;60;2,87E+12;1,49E+12;826,02
2011;France;Egypt;FRA-EGY;5,5;2,87E+12;2,36E+11;3244,97
2011;France;China;FRA-CHI;51;2,87E+12;7,67E+12;8169
2011;France;Saudi_arabia;FRA-SAU;13;2,87E+12;6,81E+11;4463,61
2012;France;Morocco;FRA-MAR;9,8;2,68E+12;1,07E+11;1701,16
2012;France;Spain;FRA-SPA;61;2,68E+12;1,33E+12;826,02
2012;France;Egypt;FRA-EGY;5,9;2,68E+12;2,79E+11;3244,97
2012;France;China;FRA-CHI;55;2,68E+12;8,67E+12;8169
2012;France;Saudi_arabia;FRA-SAU;14;2,68E+12;7,52E+11;4463,61
2013;France;Morocco;FRA-MAR;10,3;2,82E+12;1,16E+11;1701,16
2013;France;Spain;FRA-SPA;63;2,82E+12;1,36E+12;826,02
2013;France;Egypt;FRA-EGY;6,3;2,82E+12;2,88E+11;3244,97
2013;France;China;FRA-CHI;59;2,82E+12;9,74E+12;8169
2013;France;Saudi_arabia;FRA-SAU;15;2,82E+12;7,70E+11;4463,61
2014;France;Morocco;FRA-MAR;10,7;2,86E+12;1,19E+11;1701,16
2014;France;Spain;FRA-SPA;65;2,86E+12;1,38E+12;826,02
2014;France;Egypt;FRA-EGY;6,8;2,86E+12;3,06E+11;3244,97
2014;France;China;FRA-CHI;63;2,86E+12;1,07E+13;8169
2014;France;Saudi_arabia;FRA-SAU;16;2,86E+12;7,87E+11;4463,61
2015;France;Morocco;FRA-MAR;11,2;2,44E+12;1,10E+11;1701,16
2015;France;Spain;FRA-SPA;67;2,44E+12;1,21E+12;826,02
2015;France;Egypt;FRA-EGY;7,2;2,44E+12;3,29E+11;3244,97
2015;France;China;FRA-CHI;68;2,44E+12;1,13E+13;8169
2015;France;Saudi_arabia;FRA-SAU;17;2,44E+12;6,93E+11;4463,61
2016;France;Morocco;FRA-MAR;11,8;2,47E+12;1,12E+11;1701,16
2016;France;Spain;FRA-SPA;69;2,47E+12;1,24E+12;826,02
2016;France;Egypt;FRA-EGY;7,7;2,47E+12;3,32E+11;3244,97
2016;France;China;FRA-CHI;72;2,47E+12;1,15E+13;8169
2016;France;Saudi_arabia;FRA-SAU;18;2,47E+12;6,89E+11;4463,61
2017;France;Morocco;FRA-MAR;12,1;2,59E+12;1,19E+11;1701,16
2017;France;Spain;FRA-SPA;72;2,59E+12;1,32E+12;826,02
2017;France;Egypt;FRA-EGY;8,1;2,59E+12;2,48E+11;3244,97
2017;France;China;FRA-CHI;77;2,59E+12;1,25E+13;8169
2017;France;Saudi_arabia;FRA-SAU;19;2,59E+12;7,41E+11;4463,61
2018;France;Morocco;FRA-MAR;12,6;2,78E+12;1,27E+11;1701,16
2018;France;Spain;FRA-SPA;75;2,78E+12;1,43E+12;826,02
2018;France;Egypt;FRA-EGY;8,6;2,78E+12;2,63E+11;3244,97
2018;France;China;FRA-CHI;82;2,78E+12;1,41E+13;8169
2018;France;Saudi_arabia;FRA-SAU;20;2,78E+12;8,87E+11;4463,61
2019;France;Morocco;FRA-MAR;13;2,72E+12;1,29E+11;1701,16
2019;France;Spain;FRA-SPA;77;2,72E+12;1,40E+12;826,02
2019;France;Egypt;FRA-EGY;9;2,72E+12;3,19E+11;3244,97
2019;France;China;FRA-CHI;87;2,72E+12;1,46E+13;8169
2019;France;Saudi_arabia;FRA-SAU;22;2,72E+12;8,89E+11;4463,61
2020;France;Morocco;FRA-MAR;12,2;2,65E+12;1,21E+11;1701,16
2020;France;Spain;FRA-SPA;70;2,65E+12;1,29E+12;826,02
2020;France;Egypt;FRA-EGY;8,4;2,65E+12;3,84E+11;3244,97
2020;France;China;FRA-CHI;83;2,65E+12;1,50E+13;8169
2020;France;Saudi_arabia;FRA-SAU;21;2,65E+12;7,68E+11;4463,61
2010;China;Morocco;CHI-MAR;2,5;6,19E+12;1,01E+11;9656,99
2010;China;Spain;CHI-SPA;22;6,19E+12;1,43E+12;8955,44
2010;China;France;CHI-FRA;48;6,19E+12;2,65E+12;8169
2010;China;Egypt;CHI-EGY;10;6,19E+12;2,19E+11;7038,77
2010;China;Saudi_arabia;CHI-SAU;32;6,19E+12;5,28E+11;5798,75
2011;China;Morocco;CHI-MAR;2,9;7,67E+12;1,10E+11;9656,99
2011;China;Spain;CHI-SPA;24;7,67E+12;1,49E+12;8955,44
2011;China;France;CHI-FRA;51;7,67E+12;2,87E+12;8169
2011;China;Egypt;CHI-EGY;11;7,67E+12;2,36E+11;7038,77
2011;China;Saudi_arabia;CHI-SAU;36;7,67E+12;6,81E+11;5798,75
2012;China;Morocco;CHI-MAR;3,4;8,67E+12;1,07E+11;9656,99
2012;China;Spain;CHI-SPA;27;8,67E+12;1,33E+12;8955,44
2012;China;France;CHI-FRA;55;8,67E+12;2,68E+12;8169
2012;China;Egypt;CHI-EGY;12;8,67E+12;2,79E+11;7038,77
2012;China;Saudi_arabia;CHI-SAU;40;8,67E+12;7,52E+11;5798,75
2013;China;Morocco;CHI-MAR;4;9,74E+12;1,16E+11;9656,99
2013;China;Spain;CHI-SPA;30;9,74E+12;1,36E+12;8955,44
2013;China;France;CHI-FRA;59;9,74E+12;2,82E+12;8169
2013;China;Egypt;CHI-EGY;13;9,74E+12;2,88E+11;7038,77
2013;China;Saudi_arabia;CHI-SAU;45;9,74E+12;7,70E+11;5798,75
2014;China;Morocco;CHI-MAR;4,8;1,07E+13;1,19E+11;9656,99
2014;China;Spain;CHI-SPA;34;1,07E+13;1,38E+12;8955,44
2014;China;France;CHI-FRA;63;1,07E+13;2,86E+12;8169
2014;China;Egypt;CHI-EGY;15;1,07E+13;3,06E+11;7038,77
2014;China;Saudi_arabia;CHI-SAU;50;1,07E+13;7,87E+11;5798,75
2015;China;Morocco;CHI-MAR;5,5;1,13E+13;1,10E+11;9656,99
2015;China;Spain;CHI-SPA;37;1,13E+13;1,21E+12;8955,44
2015;China;France;CHI-FRA;68;1,13E+13;2,44E+12;8169
2015;China;Egypt;CHI-EGY;17;1,13E+13;3,29E+11;7038,77
2015;China;Saudi_arabia;CHI-SAU;52;1,13E+13;6,93E+11;5798,75
2016;China;Morocco;CHI-MAR;6,3;1,15E+13;1,12E+11;9656,99
2016;China;Spain;CHI-SPA;41;1,15E+13;1,24E+12;8955,44
2016;China;France;CHI-FRA;72;1,15E+13;2,47E+12;8169
2016;China;Egypt;CHI-EGY;19;1,15E+13;3,32E+11;7038,77
2016;China;Saudi_arabia;CHI-SAU;55;1,15E+13;6,89E+11;5798,75
2017;China;Morocco;CHI-MAR;7,1;1,25E+13;1,19E+11;9656,99
2017;China;Spain;CHI-SPA;45;1,25E+13;1,32E+12;8955,44
2017;China;France;CHI-FRA;77;1,25E+13;2,59E+12;8169
2017;China;Egypt;CHI-EGY;22;1,25E+13;2,48E+11;7038,77
2017;China;Saudi_arabia;CHI-SAU;60;1,25E+13;7,41E+11;5798,75
2018;China;Morocco;CHI-MAR;8;1,41E+13;1,27E+11;9656,99
2018;China;Spain;CHI-SPA;49;1,41E+13;1,43E+12;8955,44
2018;China;France;CHI-FRA;82;1,41E+13;2,78E+12;8169
2018;China;Egypt;CHI-EGY;25;1,41E+13;2,63E+11;7038,77
2018;China;Saudi_arabia;CHI-SAU;65;1,41E+13;8,87E+11;5798,75
2019;China;Morocco;CHI-MAR;8,9;1,46E+13;1,29E+11;9656,99
2019;China;Spain;CHI-SPA;53;1,46E+13;1,40E+12;8955,44
2019;China;France;CHI-FRA;87;1,46E+13;2,72E+12;8169
2019;China;Egypt;CHI-EGY;28;1,46E+13;3,19E+11;7038,77
2019;China;Saudi_arabia;CHI-SAU;70;1,46E+13;8,89E+11;5798,75
2020;China;Morocco;CHI-MAR;9,4;1,50E+13;1,21E+11;9656,99
2020;China;Spain;CHI-SPA;50;1,50E+13;1,29E+12;8955,44
2020;China;France;CHI-FRA;83;1,50E+13;2,65E+12;8169
2020;China;Egypt;CHI-EGY;30;1,50E+13;3,84E+11;7038,77
2020;China;Saudi_arabia;CHI-SAU;68;1,50E+13;7,68E+11;5798,75
2010;Saoudi arabia;Morocco;SAU-MAR;2;5,28E+11;1,01E+11;4998,93
2010;Saoudi arabia;Spain;SAU-SPA;90;5,28E+11;1,43E+12;4820,65
2010;Saoudi arabia;France;SAU-FRA;12;5,28E+11;2,65E+12;4463,61
2010;Saoudi arabia;China;SAU-CHI;32;5,28E+11;6,19E+12;5798,75
2010;Saoudi arabia;Egypt;SAU-EGY;4,8;5,28E+11;2,19E+11;1514,58
2011;Saoudi arabia;Morocco;SAU-MAR;2,2;6,81E+11;1,10E+11;4998,93
2011;Saoudi arabia;Spain;SAU-SPA;9,5;6,81E+11;1,49E+12;4820,65
2011;Saoudi arabia;France;SAU-FRA;13;6,81E+11;2,87E+12;4463,61
2011;Saoudi arabia;China;SAU-CHI;36;6,81E+11;7,67E+12;5798,75
2011;Saoudi arabia;Egypt;SAU-EGY;5,2;6,81E+11;2,36E+11;1514,58
2012;Saoudi arabia;Morocco;SAU-MAR;2,5;7,52E+11;1,07E+11;4998,93
2012;Saoudi arabia;Spain;SAU-SPA;10;7,52E+11;1,33E+12;4820,65
2012;Saoudi arabia;France;SAU-FRA;14;7,52E+11;2,68E+12;4463,61
2012;Saoudi arabia;China;SAU-CHI;40;7,52E+11;8,67E+12;5798,75
2012;Saoudi arabia;Egypt;SAU-EGY;5,7;7,52E+11;2,79E+11;1514,58
2013;Saoudi arabia;Morocco;SAU-MAR;2,8;7,70E+11;1,16E+11;4998,93
2013;Saoudi arabia;Spain;SAU-SPA;10,8;7,70E+11;1,36E+12;4820,65
2013;Saoudi arabia;France;SAU-FRA;15;7,70E+11;2,82E+12;4463,61
2013;Saoudi arabia;China;SAU-CHI;45;7,70E+11;9,74E+12;5798,75
2013;Saoudi arabia;Egypt;SAU-EGY;6,1;7,70E+11;2,88E+11;1514,58
2014;Saoudi arabia;Morocco;SAU-MAR;3,1;7,87E+11;1,19E+11;4998,93
2014;Saoudi arabia;Spain;SAU-SPA;11,5;7,87E+11;1,38E+12;4820,65
2014;Saoudi arabia;France;SAU-FRA;16;7,87E+11;2,86E+12;4463,61
2014;Saoudi arabia;China;SAU-CHI;50;7,87E+11;1,07E+13;5798,75
2014;Saoudi arabia;Egypt;SAU-EGY;6,8;7,87E+11;3,06E+11;1514,58
2015;Saoudi arabia;Morocco;SAU-MAR;3,5;6,93E+11;1,10E+11;4998,93
2015;Saoudi arabia;Spain;SAU-SPA;12,2;6,93E+11;1,21E+12;4820,65
2015;Saoudi arabia;France;SAU-FRA;17;6,93E+11;2,44E+12;4463,61
2015;Saoudi arabia;China;SAU-CHI;52;6,93E+11;1,13E+13;5798,75
2015;Saoudi arabia;Egypt;SAU-EGY;7,5;6,93E+11;3,29E+11;1514,58
2016;Saoudi arabia;Morocco;SAU-MAR;3,9;6,89E+11;1,12E+11;4998,93
2016;Saoudi arabia;Spain;SAU-SPA;13;6,89E+11;1,24E+12;4820,65
2016;Saoudi arabia;France;SAU-FRA;18;6,89E+11;2,47E+12;4463,61
2016;Saoudi arabia;China;SAU-CHI;55;6,89E+11;1,15E+13;5798,75
2016;Saoudi arabia;Egypt;SAU-EGY;8;6,89E+11;3,32E+11;1514,58
2017;Saoudi arabia;Morocco;SAU-MAR;4,2;7,41E+11;1,19E+11;4998,93
2017;Saoudi arabia;Spain;SAU-SPA;14;7,41E+11;1,32E+12;4820,65
2017;Saoudi arabia;France;SAU-FRA;19;7,41E+11;2,59E+12;4463,61
2017;Saoudi arabia;China;SAU-CHI;60;7,41E+11;1,25E+13;5798,75
2017;Saoudi arabia;Egypt;SAU-EGY;8,7;7,41E+11;2,48E+11;1514,58
2018;Saoudi arabia;Morocco;SAU-MAR;4,6;8,87E+11;1,27E+11;4998,93
2018;Saoudi arabia;Spain;SAU-SPA;15;8,87E+11;1,43E+12;4820,65
2018;Saoudi arabia;France;SAU-FRA;20;8,87E+11;2,78E+12;4463,61
2018;Saoudi arabia;China;SAU-CHI;65;8,87E+11;1,41E+13;5798,75
2018;Saoudi arabia;Egypt;SAU-EGY;9,2;8,87E+11;2,63E+11;1514,58
2019;Saoudi arabia;Morocco;SAU-MAR;5;8,89E+11;1,29E+11;4998,93
2019;Saoudi arabia;Spain;SAU-SPA;16;8,89E+11;1,40E+12;4820,65
2019;Saoudi arabia;France;SAU-FRA;22;8,89E+11;2,72E+12;4463,61
2019;Saoudi arabia;China;SAU-CHI;70;8,89E+11;1,46E+13;5798,75
2019;Saoudi arabia;Egypt;SAU-EGY;9,8;8,89E+11;3,19E+11;1514,58
2020;Saoudi arabia;Morocco;SAU-MAR;4,8;7,68E+11;1,21E+11;4998,93
2020;Saoudi arabia;Spain;SAU-SPA;15,2;7,68E+11;1,29E+12;4820,65
2020;Saoudi arabia;France;SAU-FRA;21;7,68E+11;2,65E+12;4463,61
2020;Saoudi arabia;China;SAU-CHI;68;7,68E+11;1,50E+13;5798,75
2020;Saoudi arabia;Egypt;SAU-EGY;9;7,68E+11;3,84E+11;1514,58
